{"test/step": 100.0, "_timestamp": 1708532018.7723284, "test/epoch": 0.3428510205174908, "test/step_time": 0.00022471957206726074, "test/loss": 0.0057369999140501025, "test/env0_in_acc": 0.018212984786800942, "test/env1_in_acc": 0.016989339476080785, "test/env2_in_acc": 0.0043670648738415386, "test/env0_out_acc": 0.017291041577368195, "test/env1_out_acc": 0.015833690527218173, "test/env2_out_acc": 0.00433347621088727, "test/mem_gb": 0.0034204387664794923, "_runtime": 161.28378248214722, "_step": 50, "_wandb": {"runtime": 160}}