{"test/step": 100.0, "_timestamp": 1708524228.5835106, "test/epoch": 0.3428510205174908, "test/step_time": 0.0009622105121612549, "test/loss": 0.013862381315231322, "test/penalty": 0.00014732273633389923, "test/env0_in_acc": 0.010054638954360403, "test/env1_in_acc": 0.010006964161354262, "test/env2_in_acc": 0.01007232013714041, "test/env0_out_acc": 0.010047149592798971, "test/env1_out_acc": 0.010094299185597944, "test/env2_out_acc": 0.010120017145306472, "test/mem_gb": 0.006319942474365234, "_runtime": 345.1290657520294, "_step": 50, "_wandb": {"runtime": 344}}