{"test/step": 11.4, "_timestamp": 1708532572.7264247, "test/epoch": 0.039085016338993944, "test/step_time": 1.2261836528778076e-05, "test/loss": 2.0993097124155612e-05, "test/env0_in_acc": 0.000995125348189415, "test/env1_in_acc": 0.000992821556757915, "test/env2_in_acc": 0.0002675309369475545, "test/env0_out_acc": 0.0008407629661380197, "test/env1_out_acc": 0.0007775396485212172, "test/env2_out_acc": 0.0002586798114016288, "test/mem_gb": 0.0001710219383239746, "_runtime": 364.06867480278015, "_step": 114}