{"test/step": 9.8, "_timestamp": 1708532523.5273695, "test/epoch": 0.03359940001071409, "test/step_time": 1.037989616394043e-05, "test/loss": 3.0746190906502304e-05, "test/env0_in_acc": 0.0009908399400042854, "test/env1_in_acc": 0.0009865538115390797, "test/env2_in_acc": 0.0002703166014892591, "test/env0_out_acc": 0.0008407629661380197, "test/env1_out_acc": 0.0007775396485212172, "test/env2_out_acc": 0.0002524646378054008, "test/mem_gb": 0.0001710219383239746, "_runtime": 314.8696196079254, "_step": 98}