{"test/step": 100.0, "_timestamp": 1708524631.0069203, "test/epoch": 0.3428510205174908, "test/step_time": 0.000199397611618042, "test/loss": 0.00509821067750454, "test/penalty": 2.2075066243996845e-05, "test/env0_in_acc": 0.018409042211270623, "test/env1_in_acc": 0.017339690362672095, "test/env2_in_acc": 0.005122408528419136, "test/env0_out_acc": 0.017166738105443634, "test/env1_out_acc": 0.015859408486926706, "test/env2_out_acc": 0.004903557651093013, "test/mem_gb": 0.0030729484558105467, "_runtime": 144.39859127998352, "_step": 50, "_wandb": {"runtime": 143}}